日期,实际值,预测值
2018-07-04,2759.129880,2868.634814
2018-07-05,2733.879865,2812.895095
2018-07-06,2747.229987,2780.772942
2018-07-09,2815.110098,2819.433420
2018-07-10,2827.620152,2864.134067
2018-07-11,2777.770015,2907.152085
2018-07-12,2837.659943,2827.794320
2018-07-13,2831.179897,2886.331646
2018-07-16,2814.040076,2884.969843
2018-07-17,2798.120097,2854.947380
2018-07-18,2787.259985,2847.661966
2018-07-19,2772.540007,2856.657615
2018-07-20,2829.269998,2842.593090
2018-07-23,2859.540053,2909.470420
2018-07-24,2905.560040,2883.281271
2018-07-25,2903.649949,3008.791974
2018-07-26,2882.229940,2956.167427
2018-07-27,2873.590104,2927.424333
2018-07-30,2869.050056,2923.587665
2018-07-31,2876.399884,2923.237988
2018-08-01,2824.529998,2925.885583
2018-08-02,2768.019993,2881.013835
2018-08-03,2740.439949,2832.818912
2018-08-06,2705.159921,2796.146167
2018-08-07,2779.370113,2754.509506
2018-08-08,2744.070051,2863.646263
2018-08-09,2794.379858,2788.814551
2018-08-10,2795.310029,2851.768657
2018-08-13,2785.870096,2820.305407
2018-08-14,2780.959954,2823.549024
2018-08-15,2723.260012,2801.183987
2018-08-16,2705.189923,2768.173072
2018-08-17,2668.969994,2745.783400
2018-08-20,2698.469954,2723.685893
2018-08-21,2733.830069,2778.895921
2018-08-22,2714.610110,2791.500967
2018-08-23,2724.620138,2752.529346
2018-08-24,2729.429920,2791.670054
2018-08-27,2780.899949,2765.576089
2018-08-28,2777.979936,2831.513950
2018-08-29,2769.290064,2805.956386
2018-08-30,2737.739970,2817.585155
2018-08-31,2725.249997,2795.174108
2018-09-03,2720.729983,2799.389880
2018-09-04,2750.580099,2773.654986
2018-09-05,2704.340078,2814.251435
2018-09-06,2691.590100,2769.947146
2018-09-07,2702.300056,2766.162334
2018-09-10,2669.479988,2747.481270
2018-09-11,2664.800040,2716.740091
2018-09-12,2656.110120,2710.445716
2018-09-13,2686.580078,2703.242257
2018-09-14,2681.639886,2752.937590
2018-09-17,2651.790057,2741.244023
2018-09-18,2699.949946,2694.627055
2018-09-19,2730.850099,2751.332029
2018-09-20,2729.239985,2782.640761
2018-09-21,2797.479981,2783.232854
2018-09-25,2781.139873,2849.331175
2018-09-26,2806.810065,2815.691551
2018-09-27,2791.770030,2858.409066
2018-09-28,2821.350124,2805.658854
2018-10-08,2716.509993,2856.423442
2018-10-09,2721.010021,2743.629935
2018-10-10,2725.840077,2757.861631
2018-10-11,2583.459958,2768.450187
2018-10-12,2606.909923,2646.640423
2018-10-15,2568.100104,2632.472663
2018-10-16,2546.330083,2631.313783
2018-10-17,2561.610090,2612.390303
2018-10-18,2486.419931,2644.941692
2018-10-19,2550.469987,2548.016114
2018-10-22,2654.879876,2596.808019
2018-10-23,2594.820047,2721.573549
2018-10-24,2603.290029,2661.521436
2018-10-25,2603.800071,2617.770323
2018-10-26,2598.850101,2655.111461
2018-10-29,2542.100076,2652.013446
2018-10-30,2568.050068,2582.512868
2018-10-31,2602.780036,2617.959635
2018-11-01,2606.239997,2652.137673
2018-11-02,2676.479995,2682.074825
2018-11-05,2665.429947,2792.292724
2018-11-06,2659.360111,2727.631644
2018-11-07,2641.340106,2711.609388
2018-11-08,2635.629868,2723.937127
2018-11-09,2598.870135,2708.027693
2018-11-12,2630.520013,2674.387014
2018-11-13,2654.879876,2708.269437
2018-11-14,2632.239977,2778.237976
2018-11-15,2668.169946,2720.632834
2018-11-16,2679.110096,2757.184898
2018-11-19,2703.510027,2766.008296
2018-11-20,2645.850104,2755.589402
2018-11-21,2651.500002,2712.829519
2018-11-22,2645.429926,2709.092923
2018-11-23,2579.479987,2689.760911
2018-11-26,2575.810058,2632.138898
2018-11-27,2574.679934,2635.130610
2018-11-28,2601.739968,2640.770971
2018-11-29,2567.439955,2664.136153
2018-11-30,2588.189941,2641.527549
2018-12-03,2654.800030,2642.193450
2018-12-04,2665.959974,2706.505621
2018-12-05,2649.800072,2723.313499
2018-12-06,2605.179943,2729.412810
2018-12-07,2605.889888,2667.625253
2018-12-10,2584.580065,2668.864938
2018-12-11,2594.090068,2639.510294
2018-12-12,2602.149889,2660.061670
2018-12-13,2634.050043,2664.227118
2018-12-14,2593.740007,2677.690253
2018-12-17,2597.969966,2663.679023
2018-12-18,2576.649886,2654.576976
2018-12-19,2549.560041,2631.102329
2018-12-20,2536.270020,2606.923343
2018-12-21,2516.250013,2598.031792
2018-12-24,2527.010005,2581.424346
2018-12-25,2504.820046,2596.062080
2018-12-26,2498.290061,2573.927285
2018-12-27,2483.090092,2547.676886
2018-12-28,2493.899881,2545.202596
2019-01-02,2465.290025,2556.248762
2019-01-03,2464.360094,2525.931068
2019-01-04,2514.870141,2529.953790
2019-01-07,2533.090098,2577.264648
2019-01-08,2526.459945,2602.035343
2019-01-09,2544.340098,2589.499504
2019-01-10,2535.100117,2613.570558
2019-01-11,2553.830067,2607.973619
2019-01-14,2535.760027,2617.940465
2019-01-15,2570.340078,2589.432214
2019-01-16,2570.419925,2638.749785
2019-01-17,2559.639899,2630.276255
2019-01-18,2596.010031,2629.038392
2019-01-21,2610.510023,2674.750111
2019-01-22,2579.699973,2685.309528
2019-01-23,2580.999998,2656.355363
2019-01-24,2591.689921,2652.189243
2019-01-25,2601.719982,2655.896796
2019-01-28,2596.979982,2656.887163
2019-01-29,2594.250001,2676.790851
2019-01-30,2575.570086,2654.589629
2019-01-31,2584.570048,2632.150592
2019-02-01,2618.229993,2645.890650
2019-02-11,2653.899909,2679.392052
2019-02-12,2671.889911,2711.009723
2019-02-13,2721.070074,2715.639491
2019-02-14,2719.699931,2780.392112
2019-02-15,2682.389899,2763.779202
2019-02-18,2754.360069,2723.027469
2019-02-19,2755.649886,2794.773628
2019-02-20,2761.219985,2800.129109
2019-02-21,2751.800038,2804.019935
2019-02-22,2804.229952,2791.397636
2019-02-25,2961.280013,2848.265370
2019-02-26,2941.520011,2947.056466
2019-02-27,2953.820048,3001.026904
2019-02-28,2940.949965,2976.039003
2019-03-01,2994.009979,3016.597877
2019-03-04,3027.580108,2965.854281
2019-03-05,3054.249966,3024.168266
2019-03-06,3102.100102,3075.233742
2019-03-07,3106.419876,3106.257020
2019-03-08,2969.860132,3130.241517
2019-03-11,3026.990028,3140.499280
2019-03-12,3060.310074,3024.138264
2019-03-13,3026.949961,3022.103371
2019-03-14,2990.689965,2956.065246
2019-03-15,3021.749956,2998.291603
2019-03-18,3096.419961,2966.115101
2019-03-19,3090.979936,3049.195947
2019-03-20,3090.639845,3080.403745
2019-03-21,3101.459986,3167.641892
2019-03-22,3104.149948,3076.786295
2019-03-25,3043.030017,3141.748646
2019-03-26,2997.100133,3088.368862
2019-03-27,3022.720002,3056.255528
2019-03-28,2994.939958,3014.484767
2019-03-29,3090.760046,3026.325182
2019-04-01,3170.360132,3229.713275
2019-04-02,3176.820048,3152.081464
2019-04-03,3216.300080,3240.311321
2019-04-04,3246.570038,3313.008355
2019-04-08,3244.810056,3325.978319
2019-04-09,3239.659894,3313.828582
2019-04-10,3241.929918,3258.340672
2019-04-11,3189.959961,3342.046968
2019-04-12,3188.629885,3242.275282
2019-04-15,3177.789998,3270.718447
2019-04-16,3253.600096,3262.096151
2019-04-17,3263.120164,3205.718329
2019-04-18,3250.199949,3281.089414
2019-04-19,3270.800019,3189.137147
2019-04-22,3215.040074,3273.521996
2019-04-23,3198.590116,3197.052324
2019-04-24,3201.610105,3196.938833
2019-04-25,3123.830103,3226.202224
2019-04-26,3086.399917,3176.262750
2019-04-29,3062.499963,3133.237159
2019-04-30,3078.340095,3104.546210
2019-05-06,2906.459921,3109.667711
2019-05-07,2926.389873,2965.467029
2019-05-08,2893.759979,2970.765381
2019-05-09,2850.949964,2908.437972
2019-05-10,2939.209920,2883.721051
2019-05-13,2903.709954,2997.954387
2019-05-14,2883.610148,2922.783830
2019-05-15,2938.679941,2958.596377
2019-05-16,2955.709914,3001.279001
2019-05-17,2882.300010,3051.578983
2019-05-20,2870.600117,2888.137735
2019-05-21,2905.970009,2955.418133
2019-05-22,2891.699972,2995.073100
2019-05-23,2852.520059,2921.643642
2019-05-24,2852.990034,2898.324566
2019-05-27,2892.379867,2905.962436
2019-05-28,2909.909912,3000.313843
2019-05-29,2914.699949,2979.001000
2019-05-30,2905.810028,3008.710402
2019-05-31,2898.699932,3001.517871
2019-06-03,2890.080033,2949.803653
2019-06-04,2862.280051,2977.026112
2019-06-05,2861.419949,2935.668962
2019-06-06,2827.800071,2962.220728
2019-06-10,2852.129836,2897.597606
2019-06-11,2925.719946,2914.325829
2019-06-12,2909.379838,3008.492621
2019-06-13,2910.740012,2976.122013
2019-06-14,2881.969983,2973.402336
2019-06-17,2887.620121,2896.076972
2019-06-18,2890.159879,2954.735458
2019-06-19,2917.800072,2918.221639
2019-06-20,2987.120156,2962.601270
2019-06-21,3001.979985,3045.250484
2019-06-24,3008.149941,3046.531674
2019-06-25,2982.070066,3086.459443
2019-06-26,2976.280077,3009.916634
2019-06-27,2996.790044,3004.497984
2019-06-28,2978.879840,3024.177085
2019-07-01,3044.899944,3010.364465
2019-07-02,3043.939963,3097.715625
2019-07-03,3015.260037,3060.655725
2019-07-04,3005.249962,3070.109173
2019-07-05,3011.060081,3046.550174
2019-07-08,2933.360117,3045.497022
2019-07-09,2928.229990,2975.415662
2019-07-10,2915.300093,2954.709002
2019-07-11,2917.760005,2939.188448
2019-07-12,2930.550050,2958.501865
2019-07-15,2942.189937,2983.914976
2019-07-16,2937.620079,2978.158919
2019-07-17,2931.689950,2963.774816
2019-07-18,2901.179973,2962.889408
2019-07-19,2924.199983,2925.782443
2019-07-22,2886.969941,2957.969777
2019-07-23,2899.939904,2900.929505
2019-07-24,2923.280068,2935.315451
2019-07-25,2937.360122,2950.336699
2019-07-26,2944.540000,2989.263652
2019-07-29,2941.009970,2980.409485
2019-07-30,2952.340056,2978.828941
2019-07-31,2932.509985,2993.716281
2019-08-01,2908.770012,2969.627877
2019-08-02,2867.840085,2961.554732
2019-08-05,2821.500040,2900.467007
2019-08-06,2777.560094,2873.342416
2019-08-07,2768.679950,2845.355997
2019-08-08,2794.550095,2834.522436
2019-08-09,2774.750026,2840.633251
2019-08-12,2814.989993,2822.147441
2019-08-13,2797.259995,2880.651410
2019-08-14,2808.909948,2845.654200
2019-08-15,2815.800058,2870.328849
2019-08-16,2823.820100,2870.703065
2019-08-19,2883.100107,2906.091840
2019-08-20,2879.999983,2947.736840
2019-08-21,2880.330106,2929.331357
2019-08-22,2883.439910,2936.551302
2019-08-23,2897.429957,2926.082372
2019-08-26,2863.570059,2944.871752
2019-08-27,2902.189895,2888.432679
2019-08-28,2893.759979,2951.765697
2019-08-29,2890.919909,2935.865656
2019-08-30,2886.240009,2934.910371
2019-09-02,2924.110071,2936.071838
2019-09-03,2930.149857,2977.763616
2019-09-04,2957.409891,2986.108317
2019-09-05,2985.860150,3012.092337
2019-09-06,2999.600112,3042.735169
2019-09-09,3024.740038,3052.955836
2019-09-10,3021.199943,3067.930211
2019-09-11,3008.810090,3069.236898
2019-09-12,3031.240021,3040.917865
2019-09-16,3030.750013,3069.048065
2019-09-17,2978.120098,3055.604677
2019-09-18,2985.659910,3004.034049
2019-09-19,2999.280054,3005.762112
2019-09-20,3006.449963,3032.485457
2019-09-23,2977.080078,3025.566974
2019-09-24,2985.340044,3000.597860
2019-09-25,2955.429923,3018.809909
2019-09-26,2929.090091,2974.323784
2019-09-27,2932.169893,2971.694498
2019-09-30,2905.189946,2963.385551
2019-10-08,2913.570113,2934.066373
2019-10-09,2924.860132,2949.386878
2019-10-10,2947.710001,2960.301435
2019-10-11,2973.659897,2977.677922
2019-10-14,3007.879919,3007.998587
2019-10-15,2991.050090,3031.737505
2019-10-16,2978.709986,3007.622838
2019-10-17,2977.330066,3005.465730
2019-10-18,2938.139897,3010.777310
2019-10-21,2939.620081,2963.023892
2019-10-22,2954.379838,2960.294246
2019-10-23,2941.620083,2996.350935
2019-10-24,2940.919962,2978.237136
2019-10-25,2954.929946,2983.805702
2019-10-28,2980.050031,2989.761328
2019-10-29,2954.179886,3012.613210
2019-10-30,2939.320057,2995.177869
2019-10-31,2929.060089,2983.640066
2019-11-01,2958.199923,2971.937393
2019-11-04,2975.489949,3006.931727
2019-11-05,2991.560036,3017.708446
2019-11-06,2978.600137,3032.549200
2019-11-07,2978.709986,3022.918708
2019-11-08,2964.179896,3022.933374
2019-11-11,2909.970013,2987.968467
2019-11-12,2914.820054,2939.500550
2019-11-13,2905.239982,2951.585682
2019-11-14,2909.870133,2925.721192
2019-11-15,2891.340135,2945.741056
2019-11-18,2909.199919,2930.331789
2019-11-19,2933.989977,2946.375324
2019-11-20,2911.050005,2967.766193
2019-11-21,2903.639884,2933.533326
2019-11-22,2885.289996,2942.843089
2019-11-25,2906.169961,2931.207036
2019-11-26,2907.060065,2950.332673
2019-11-27,2903.189944,2951.980027
2019-11-28,2889.689905,2942.940094
2019-11-29,2871.979941,2950.113358
2019-12-02,2875.810092,2906.937180
2019-12-03,2884.699917,2906.246549
2019-12-04,2878.120087,2924.064732
2019-12-05,2899.469930,2904.946380
2019-12-06,2912.009987,2936.080082
2019-12-09,2914.479963,2941.426361
2019-12-10,2917.320033,2960.934841
2019-12-11,2924.419969,2973.580434
2019-12-12,2915.699998,2971.816042
2019-12-13,2967.679924,2963.405968
2019-12-16,2984.389935,3017.001808
2019-12-17,3022.419882,3025.532850
2019-12-18,3017.040054,3082.395408
2019-12-19,3017.070056,3037.455604
2019-12-20,3004.939969,3054.648817
2019-12-23,2962.750036,3040.807441
2019-12-24,2982.679892,3002.885905
2019-12-25,2981.879891,3013.487594
2019-12-26,3007.350132,2996.185298
2019-12-27,3005.040041,3050.119121
2019-12-30,3040.019997,3035.284597
2019-12-31,3050.120079,3080.759173
2020-01-02,3085.199916,3077.261062
2020-01-03,3083.789993,3115.607808
2020-01-06,3083.409931,3118.651473
2020-01-07,3104.800033,3113.514732
2020-01-08,3066.889903,3132.042621
2020-01-09,3094.879869,3082.452920
2020-01-10,3092.290074,3129.991720
2020-01-13,3115.570042,3117.043228
2020-01-14,3106.820068,3131.843819
2020-01-15,3090.040084,3117.365778
2020-01-16,3074.080038,3103.135042
2020-01-17,3075.500025,3092.069034
2020-01-20,3095.790006,3091.177013
2020-01-21,3052.139923,3133.512357
2020-01-22,3060.750045,3074.498826
2020-01-23,2976.530065,3120.331418
2020-02-03,2746.610097,3010.426771
2020-02-04,2783.290079,2856.176042
2020-02-05,2818.090116,2762.050660
2020-02-06,2866.510010,2981.603160
2020-02-07,2875.960008,2848.687992
2020-02-10,2890.490002,2907.940775
2020-02-11,2901.669884,2878.223897
2020-02-12,2926.899914,2889.613030
2020-02-13,2906.070081,2881.640052
2020-02-14,2917.010040,2949.541970
2020-02-17,2983.620128,2922.960394
2020-02-18,2984.969950,3157.944782
2020-02-19,2975.399942,3076.776806
2020-02-20,3030.149869,2997.871953
2020-02-21,3039.669936,2969.957041
2020-02-24,3031.229956,3117.907356
2020-02-25,3013.050018,3074.859622
2020-02-26,2987.929934,3022.384799
2020-02-27,2991.330081,3063.781633
2020-02-28,2880.300008,2998.973415
2020-03-02,2970.929963,3048.727027
2020-03-03,2992.899889,3050.898321
2020-03-04,3011.669906,3049.280587
2020-03-05,3071.679940,3143.771366
2020-03-06,3034.509998,3123.941294
2020-03-09,2943.290058,3112.803875
2020-03-10,2996.760041,2822.063569
2020-03-11,2968.519992,3071.521109
2020-03-12,2923.489989,2975.586762
2020-03-13,2887.429946,2934.133183
2020-03-16,2789.250018,3042.020286
2020-03-17,2779.639847,2842.043365
2020-03-18,2728.759994,2804.988353
2020-03-19,2702.129867,2765.294085
2020-03-20,2745.620113,2782.988617
2020-03-23,2660.169937,2832.295355
2020-03-24,2722.439930,2770.719444
2020-03-25,2781.590101,2827.663191
2020-03-26,2764.909901,2894.281235
2020-03-27,2772.199916,2845.952595
2020-03-30,2747.209954,2904.452250
2020-03-31,2750.300060,2879.983305
2020-04-01,2734.520029,2868.410611
2020-04-02,2780.639896,2839.426348
2020-04-03,2763.989986,2929.236557
2020-04-07,2820.760044,2852.514021
2020-04-08,2815.370151,2955.816600
2020-04-09,2825.899949,2943.335302
2020-04-10,2796.629848,2917.298466
2020-04-13,2783.050059,2890.364049
2020-04-14,2827.280061,2865.400112
2020-04-15,2811.169907,2934.246195
2020-04-16,2819.939914,2864.439650
2020-04-17,2838.489946,2884.582016
2020-04-20,2852.550062,2879.940170
2020-04-21,2827.010039,2924.791404
2020-04-22,2843.980007,2887.623284
2020-04-23,2838.500011,2880.905232
2020-04-24,2808.530077,2890.912528
2020-04-27,2815.489969,2846.049887
2020-04-28,2810.020038,2880.174534
2020-04-29,2822.439989,2860.523806
2020-04-30,2860.080096,2871.031270
2020-05-06,2878.139929,2912.927505
2020-05-07,2871.520032,2920.777981
2020-05-08,2895.340043,2933.736825
2020-05-11,2894.800095,2941.542249
2020-05-12,2891.560025,2940.949390
2020-05-13,2898.050039,2939.500550
2020-05-14,2870.340064,2946.515751
2020-05-15,2868.459976,2920.983109
2020-05-18,2875.419964,2916.941408
2020-05-19,2898.580114,2930.646192
2020-05-20,2883.740031,2968.560155
2020-05-21,2867.919932,2943.741820
2020-05-22,2813.770054,2900.877935
2020-05-25,2817.970010,2882.842066
2020-05-26,2846.550055,2865.152232
2020-05-27,2836.800033,2901.867153
2020-05-28,2846.219933,2884.278349
2020-05-29,2852.350109,2919.784929
2020-06-01,2915.429976,2913.465344
2020-06-02,2921.399884,2965.533169
2020-06-03,2923.370075,2956.328079
2020-06-04,2919.249966,2973.801953
2020-06-05,2930.800038,2971.661716
2020-06-08,2937.769995,2967.472974
2020-06-09,2956.110106,2965.171510
2020-06-10,2943.749968,3005.962831
2020-06-11,2920.899907,2989.998280
2020-06-12,2919.739973,2971.266604
2020-06-15,2890.029997,2983.490149
2020-06-16,2931.749955,2947.272617
2020-06-17,2935.870161,2977.173248
2020-06-18,2939.320057,2978.964671
2020-06-19,2967.629888,2984.461346
2020-06-22,2965.270048,3028.164436
2020-06-23,2970.620162,3005.575771
2020-06-24,2979.550054,3020.574781
2020-06-29,2961.520032,3023.117031
2020-06-30,2984.669925,3017.944248
2020-07-01,3025.980010,3036.771203
2020-07-02,3090.570063,3051.750371
2020-07-03,3152.810053,3144.409277
2020-07-06,3332.879836,3193.437463
2020-07-07,3345.340046,3342.767026
2020-07-08,3403.439988,3382.743872
2020-07-09,3450.590099,3418.264447
2020-07-10,3383.320053,3520.495278
2020-07-13,3443.290019,3381.446483
2020-07-14,3414.620159,3481.442373
2020-07-15,3361.300092,3404.373323
2020-07-16,3210.100122,3411.228830
2020-07-17,3214.129841,3237.520424
2020-07-20,3314.149886,3302.826126
2020-07-21,3320.889888,3274.412388
2020-07-22,3333.159923,3278.149847
2020-07-23,3325.110070,3390.348098
2020-07-24,3196.770033,3295.455401
2020-07-27,3205.229951,3314.628678
2020-07-28,3227.960002,3246.518277
2020-07-29,3294.550056,3244.581251
2020-07-30,3286.820070,3346.433074
2020-07-31,3310.010030,3317.580131
2020-08-03,3367.969929,3409.995088
2020-08-04,3371.689942,3337.103277
2020-08-05,3377.560066,3412.777933
2020-08-06,3386.459956,3481.061926
2020-08-07,3354.040079,3447.755780
2020-08-10,3379.249979,3510.970609
2020-08-11,3340.290053,3492.015113
2020-08-12,3319.270044,3532.862030
2020-08-13,3320.730003,3336.066612
2020-08-14,3360.100091,3450.437978
2020-08-17,3438.800007,3489.832413
2020-08-18,3451.090076,3403.655853
2020-08-19,3408.129857,3473.031915
2020-08-20,3363.899855,3382.515164
2020-08-21,3380.679935,3370.942470
2020-08-24,3385.639921,3330.548274
2020-08-25,3373.580095,3319.898849
2020-08-26,3329.740029,3380.708979
2020-08-27,3350.110145,3345.748961
2020-08-28,3403.810082,3387.306638
2020-08-31,3395.679903,3469.866611
2020-09-01,3410.610090,3377.174061
2020-09-02,3404.800067,3414.736047
2020-09-03,3384.979964,3415.643500
2020-09-04,3355.370155,3415.752774
2020-09-07,3292.590121,3367.349463
2020-09-08,3316.419910,3278.356605
2020-09-09,3254.629860,3350.603316
2020-09-10,3234.820110,3294.041932
2020-09-11,3260.350068,3313.004425
2020-09-14,3278.810092,3268.504018
2020-09-15,3295.679892,3284.022846
2020-09-16,3283.919899,3300.319054
2020-09-17,3270.439894,3283.587476
2020-09-18,3338.090098,3305.368664
2020-09-21,3316.939920,3344.458090
2020-09-22,3274.300047,3341.294703
2020-09-23,3279.709973,3300.420276
2020-09-24,3223.179934,3340.524608
2020-09-25,3219.419949,3276.756795
2020-09-28,3217.529988,3238.741513
2020-09-29,3224.360094,3207.768271
2020-09-30,3218.050094,3249.005124
2020-10-09,3272.080059,3250.003447
2020-10-12,3358.469991,3280.246279
2020-10-13,3359.750030,3379.440921
2020-10-14,3340.780060,3386.805990
2020-10-15,3332.179907,3370.199790
2020-10-16,3336.360118,3352.239838
2020-10-19,3312.669894,3371.899001
2020-10-20,3328.100056,3347.377431
2020-10-21,3325.020063,3348.026557
2020-10-22,3312.500040,3334.350243
2020-10-23,3278.000027,3349.213427
2020-10-26,3251.120151,3307.743361
2020-10-27,3254.320059,3256.780833
2020-10-28,3269.239988,3242.749474
2020-10-29,3272.729951,3291.068720
2020-10-30,3224.530044,3285.688604
2020-11-02,3225.120123,3262.836052
2020-11-03,3271.070041,3230.983345
2020-11-04,3277.439949,3305.080142
2020-11-05,3320.129858,3310.025654
2020-11-06,3312.159948,3389.196407
2020-11-09,3373.730012,3326.911174
2020-11-10,3360.149935,3396.988987
2020-11-11,3342.199952,3376.096369
2020-11-12,3338.679890,3373.091430
2020-11-13,3310.100133,3344.527680
2020-11-16,3346.969954,3302.690875
2020-11-17,3339.899925,3369.403240
2020-11-18,3347.300077,3357.009457
2020-11-19,3363.090077,3372.866076
2020-11-20,3377.730016,3375.941948
2020-11-23,3414.489988,3395.472954
2020-11-24,3402.820098,3456.998253
2020-11-25,3362.330047,3415.865787
2020-11-26,3369.730007,3392.744650
2020-11-27,3408.310063,3392.447885
2020-11-30,3391.760033,3436.830103
2020-12-01,3451.939921,3410.361827
2020-12-02,3449.379841,3478.594442
2020-12-03,3442.139862,3455.861899
2020-12-04,3444.580124,3453.508770
2020-12-07,3416.600127,3445.991867
2020-12-08,3410.179895,3393.178391
2020-12-09,3371.959964,3407.409415
2020-12-10,3373.280071,3367.834391
2020-12-11,3347.189940,3399.670610
2020-12-14,3369.120086,3365.998108
2020-12-15,3367.229933,3395.408252
2020-12-16,3366.979945,3400.855754
2020-12-17,3404.870136,3387.622286
2020-12-18,3394.899936,3451.301243
2020-12-21,3420.570033,3391.758787
2020-12-22,3356.779982,3436.067582
2020-12-23,3382.320100,3356.029825
2020-12-24,3363.110111,3434.097294
2020-12-25,3396.560039,3388.345987
2020-12-28,3397.290066,3413.038849
2020-12-29,3379.040058,3421.140942
2020-12-30,3414.449921,3389.871222
2020-12-31,3473.070066,3459.648244
2021-01-04,3502.959961,3471.980105
2021-01-05,3528.679902,3537.236346
2021-01-06,3550.879878,3537.882308
2021-01-07,3576.199915,3583.863858
2021-01-08,3570.110093,3612.618262
2021-01-11,3531.500035,3587.663526
2021-01-12,3608.340088,3585.425134
2021-01-13,3598.649975,3619.371013
2021-01-14,3565.899976,3643.316018
2021-01-15,3566.379823,3611.980830
2021-01-18,3596.220066,3597.981870
2021-01-19,3566.379823,3613.481719
2021-01-20,3583.090121,3569.062021
2021-01-21,3621.259920,3612.011120
2021-01-22,3606.750055,3629.923433
2021-01-25,3624.240033,3629.790003
2021-01-26,3569.429910,3653.641838
2021-01-27,3573.340003,3594.211724
2021-01-28,3505.179949,3611.491589
2021-01-29,3483.070076,3540.689980
2021-02-01,3505.280021,3514.409194
2021-02-02,3533.679956,3505.761881
2021-02-03,3517.310036,3536.272625
2021-02-04,3501.860128,3546.267173
2021-02-05,3496.330095,3498.158806
2021-02-08,3532.449952,3507.290184
2021-02-09,3603.490047,3535.585733
2021-02-10,3655.090007,3596.474080
2021-02-18,3675.360146,3647.052807
2021-02-19,3696.169945,3680.213446
2021-02-22,3642.439909,3711.953523
2021-02-23,3636.360056,3632.015168
2021-02-24,3564.080084,3654.115359
2021-02-25,3585.049960,3568.126674
2021-02-26,3509.080073,3604.904666
2021-03-01,3551.399888,3524.441796
2021-03-02,3508.590065,3579.317867
2021-03-03,3576.899844,3511.598264
2021-03-04,3503.490036,3596.212589
2021-03-05,3501.990010,3526.693416
2021-03-08,3421.409910,3507.049493
2021-03-09,3359.290025,3464.770608
2021-03-10,3357.739963,3380.340611
2021-03-11,3436.830103,3384.183030
2021-03-12,3453.080109,3415.601037
2021-03-15,3419.949951,3497.191826
2021-03-16,3446.729946,3466.839242
2021-03-17,3445.550074,3443.612186
2021-03-18,3463.070055,3410.011766
2021-03-19,3404.659927,3470.571237
2021-03-22,3443.439936,3413.291904
2021-03-23,3411.509971,3423.872601
2021-03-24,3367.060079,3389.231969
2021-03-25,3363.590054,3399.271089
2021-03-26,3418.330107,3399.749402
2021-03-29,3435.300075,3435.637866
2021-03-30,3456.679921,3480.276591
2021-03-31,3441.909908,3503.696410
2021-04-01,3466.330063,3451.034001
2021-04-02,3484.389896,3441.688196
2021-04-06,3482.970004,3475.348908
2021-04-07,3479.629862,3511.751919
2021-04-08,3482.550066,3484.139428
2021-04-09,3450.679915,3497.581570
2021-04-12,3412.949991,3450.959809
2021-04-13,3396.469935,3423.324889
2021-04-14,3416.719945,3419.489754
2021-04-15,3398.989948,3407.028777
2021-04-16,3426.620076,3383.215764
2021-04-19,3477.550013,3422.222563
2021-04-20,3472.939895,3470.479600
2021-04-21,3472.929926,3481.907458
2021-04-22,3465.110124,3480.958787
2021-04-23,3474.169899,3465.728002
2021-04-26,3441.169912,3494.958323
2021-04-27,3442.610124,3456.648864
2021-04-28,3457.070048,3451.487871
2021-04-29,3474.899926,3479.501896
2021-04-30,3446.860117,3489.735408
2021-05-06,3441.280048,3470.683962
2021-05-07,3418.870151,3453.341695
2021-05-10,3427.990027,3429.311859
2021-05-11,3441.850094,3466.497904
2021-05-12,3462.749997,3447.679288
2021-05-13,3429.539993,3473.059330
2021-05-14,3490.379837,3442.072956
2021-05-17,3517.620125,3511.807035
2021-05-18,3529.010025,3523.385864
2021-05-19,3510.959970,3558.639388
2021-05-20,3506.939932,3519.169420
2021-05-21,3486.560039,3518.381689
2021-05-24,3497.280012,3487.839887
2021-05-25,3581.340011,3515.069919
2021-05-26,3593.360154,3589.732256
2021-05-27,3608.850034,3576.899652
2021-05-28,3600.780051,3636.754593
2021-05-31,3615.479899,3621.910388
2021-06-01,3624.709912,3622.529416
2021-06-02,3597.139885,3608.196498
2021-06-03,3584.209892,3602.331934
2021-06-04,3591.840095,3630.574284
2021-06-07,3599.540079,3591.766862
2021-06-08,3580.110199,3629.858252
2021-06-09,3591.399931,3596.210289
2021-06-10,3610.860101,3615.600484
2021-06-11,3589.750085,3649.645860
2021-06-15,3556.560018,3600.001330
2021-06-16,3518.330119,3585.519263
2021-06-17,3525.600100,3527.598665
2021-06-18,3525.100124,3544.032902
2021-06-21,3529.179975,3540.231125
2021-06-22,3557.409959,3573.252967
2021-06-23,3566.219938,3590.451548
2021-06-24,3566.649941,3578.193495
2021-06-25,3607.560025,3600.906196
2021-06-28,3606.370089,3632.597196
2021-06-29,3573.179926,3627.126018
2021-06-30,3591.199979,3589.743759
2021-07-01,3588.780039,3601.875092
2021-07-02,3518.760026,3583.520316
2021-07-05,3534.320071,3568.629909
2021-07-06,3530.259966,3579.115039
2021-07-07,3553.719948,3553.937538
2021-07-08,3525.500028,3603.374830
2021-07-09,3524.090106,3577.947532
2021-07-12,3547.840047,3557.960643
2021-07-13,3566.519962,3576.114604
2021-07-14,3528.499984,3597.055724
2021-07-15,3564.590029,3585.059162
